id,SerialNo,Date,TTime,curveTag,Prefix,Catalogue,Pm,Isc,Voc(V),Ipm,Vpm(V),FF,Eff,I.Work,V.Work,Temp,RefTemp,Rs,Peak,Rsh
1,CRS25WT6009499,1/21/2026,12:07:19 AM,I->V,321,4,321.5321045,10.03334618,41.14202881,9.392962456,34.23117065,0.778919995,15.64252472,0,0,0.008228935,25,0.402542293,1001.131531,9999
2,CRS25WT6009500,1/21/2026,12:08:31 AM,I->V,323,4,323.9072571,10.17895699,41.12530518,9.471405983,34.19843292,0.773763537,15.75807667,0,0,0.000813492,25,0.401469499,1003.150513,77.68647766
3,CRS25WT6009501,1/21/2026,12:09:37 AM,I->V,325,4,325.7303467,10.11288738,41.12308121,9.511628151,34.24549103,0.78324461,15.84676933,0,0,0.016507922,25,0.389245331,1001.278381,9999
4,CRS25WT6009506,1/21/2026,12:10:39 AM,I->V,327,4,327.3704529,10.19631386,41.17378235,9.578978539,34.17592621,0.77978617,15.9265604,0,0,0.01644849,25,0.404040635,999.5285645,9999
5,CRS25WT6009507,1/21/2026,12:11:46 AM,I->V,322,4,322.0428772,10.12434769,41.25870132,9.374267578,34.35392761,0.770958662,15.66737461,0,0,0.005822327,25,0.39651528,1000.003662,9999
6,CRS25WT6009515,1/21/2026,12:43:32 AM,I->V,325,4,325.9893799,10.12677956,41.06205368,9.563184738,34.08795166,0.783955514,15.85937119,0,0,0.00141028,25,0.39165923,1002.200134,9999
7,CRS25WT6009512,1/21/2026,12:46:05 AM,I->V,325,4,325.3237305,10.11773968,41.05058289,9.543658257,34.08795166,0.783272564,15.82698727,0,0,0.004112123,25,0.387098223,1000.387695,9999
8,CRS25WT6009517,1/21/2026,12:50:07 AM,I->V,328,4,328.1078491,10.1194849,41.08734894,9.6519804,33.99383545,0.789132774,15.96243477,0,0,0.008253504,25,0.393991947,1007.176025,9999
9,CRS25WT6009516,1/21/2026,12:53:28 AM,I->V,333,4,333.8012085,10.2572298,41.11543655,9.793528557,34.08385849,0.791503608,16.23941612,0,0,0.003634401,25,0.387727648,1001.194153,9999
10,009519,1/21/2026,1:04:22 AM,I->V,322,4,322.8623657,10.01697731,41.01992798,9.46747303,34.10227203,0.785752654,15.70724201,0,0,0.003015844,25,0.393615127,1001.866699,148.8841248
11,RS25WT6009519,1/21/2026,1:04:42 AM,I->V,322,4,322.8954773,10.0212822,41.01802826,9.465604782,34.11250305,0.785531998,15.70885277,0,0,0.002914186,25,0.393529832,1001.374634,9999
12,CRS25WT6009518,1/21/2026,1:28:48 AM,I->V,329,4,329.2773132,10.15650845,41.06154251,9.631313324,34.1882019,0.789554477,16.01932907,0,0,0.015793961,25,0.374484867,1007.321899,9999
13,CRS25WT6009503,1/21/2026,1:30:30 AM,I->V,327,4,327.8746033,10.06378174,41.11420822,9.54629612,34.34574127,0.79241854,15.95108795,0,0,0.006028183,25,0.37338841,1008.786804,9999
14,CRS25WT6009502,1/21/2026,1:32:56 AM,I->V,331,4,331.7553711,10.19878292,41.10511398,9.671385765,34.30277634,0.791359365,16.13988686,0,0,0.006143861,25,0.375225693,1003.827271,9999
15,CRS25WT6009505,1/21/2026,1:34:16 AM,I->V,327,4,327.5346069,10.16710854,41.08063126,9.560314178,34.25981522,0.784192383,15.93454647,0,0,0.001587922,25,0.385707796,1002.775269,9999
16,CRS25WT6009504,1/21/2026,1:35:17 AM,I->V,329,4,329.2749634,10.24460506,41.06066132,9.607097626,34.27413559,0.782776058,16.01921463,0,0,0.001587922,25,0.371710777,1000.56189,9999
17,CRS25WT6009511,1/21/2026,2:01:55 AM,I->V,326,4,326.1506958,10.15659046,40.99708176,9.514807701,34.27822495,0.783280671,15.86721992,0,0,0.008640843,25,0.370217323,1002.336975,9999
18,CRS25WT6009510,1/21/2026,2:04:16 AM,I->V,329,4,329.0350647,10.14400578,41.06079102,9.614447594,34.22298431,0.789960504,16.00754356,0,0,0.006031745,25,0.378734261,1003.882385,9999
19,CRS25WT6009495,1/21/2026,2:05:10 AM,I->V,333,4,333.1534119,10.31993103,41.15248871,9.745271683,34.18615723,0.784461021,16.207901,0,0,0.011027958,25,0.379984856,1003.335388,101.2252426
20,CRS25WT6009494,1/21/2026,2:08:07 AM,I->V,330,4,330.3496094,10.19224453,41.14086151,9.650549889,34.23117065,0.787826478,16.07149696,0,0,0.016507313,25,0.381469429,1001.767578,9999
21,CRS25WT6009496,1/21/2026,2:11:19 AM,I->V,329,4,329.4183655,10.16334057,41.13262177,9.605546951,34.29459381,0.787997663,16.02619171,0,0,0.006031688,25,0.376421869,1001.902466,9999
22,CRS25WT6009449,1/21/2026,2:18:06 AM,I->V,323,4,323.27948,10.00745964,41.12620926,9.409703255,34.35597229,0.785480857,15.72753525,0,0,0.00394849,25,0.387634754,1005.989807,9999
23,CRS25WT6009490,1/21/2026,2:21:25 AM,I->V,321,4,321.6671753,9.950361252,41.12929153,9.354972839,34.38461685,0.785989344,15.64909649,0,0,0.005920912,25,0.38139689,1002.467285,46.48190689
24,CRS25WT6009498,1/21/2026,2:22:23 AM,I->V,328,4,328.4737854,10.06459141,41.16720963,9.560894012,34.35597229,0.792780817,15.98023796,0,0,0.012703373,25,0.37418735,1006.694031,9999
25,CRS25WT6009497,1/21/2026,2:23:50 AM,I->V,325,4,325.5319519,10.20884037,41.21401215,9.432015419,34.51351166,0.773699522,15.8371172,0,0,0.01646184,25,0.373103589,1001.930725,9999
26,CRS25WT6009484,1/21/2026,2:26:37 AM,I->V,324,4,324.3388672,10.08035374,41.14009094,9.422021866,34.42349243,0.782092214,15.77907372,0,0,0.000735251,25,0.382893741,1002.771729,9999
27,CRS25WT6009483,1/21/2026,2:31:27 AM,I->V,329,4,329.3865967,10.07736397,41.12761688,9.613797188,34.26185989,0.794740677,16.02464676,0,0,0.016507007,25,0.380075574,1003.249207,9999
28,82,1/21/2026,2:32:49 AM,I->V,324,4,324.1706238,9.984285355,41.08522797,9.464385033,34.25162888,0.790261745,15.77088928,0,0,0.009153031,25,0.388994187,1003.893555,9999
29,CRS25WT6009481,1/21/2026,2:34:25 AM,I->V,324,4,324.0843811,10.11270905,41.07171249,9.43256855,34.35802078,0.780275166,15.76669312,0,0,0.006028183,25,0.375181526,1003.000549,9999
30,CRS25WT6009487,1/21/2026,2:35:13 AM,I->V,327,4,327.5118408,10.05611992,41.17639923,9.500644684,34.4725914,0.79094851,15.93343925,0,0,0.005406746,25,0.380785674,1000.383057,9999
31,CRS25WT6009485,1/21/2026,2:36:03 AM,I->V,322,4,322.678833,9.977316856,41.13592911,9.397815704,34.33551407,0.786204278,15.69831371,0,0,0.006028031,25,0.385851502,1001.84845,9999
32,CRS25WT6009453,1/21/2026,2:40:39 AM,I->V,328,4,328.6741943,10.08843708,41.15942383,9.582704544,34.29868317,0.791539192,15.98998737,0,0,0.017034389,25,0.377421111,1006.368042,9999
33,CRS25WT6009452,1/21/2026,2:42:04 AM,I->V,323,4,323.6899719,10.1385231,41.15263748,9.378644943,34.51351166,0.775812685,15.74750519,0,0,0.003175843,25,0.382079512,1003.50415,9999
34,CRS25WT6009405,1/21/2026,2:46:42 AM,I->V,324,4,324.6105957,10.0021286,41.15542221,9.428794861,34.42758179,0.788575351,15.79229355,0,0,0.00575396,25,0.377872407,1009.225525,9999
35,CRS25WT6009451,1/21/2026,2:47:57 AM,I->V,331,4,331.0705872,10.11135674,41.21353149,9.639924049,34.34369659,0.794458747,16.1065712,0,0,0.016507311,25,0.389018178,1004.875488,9999
36,CRS25WT6009447,1/21/2026,2:49:37 AM,I->V,329,4,329.9021912,10.17729568,41.1676712,9.638055801,34.22912216,0.787401974,16.0497303,0,0,0.01644849,25,0.384201735,1008.049683,9999
37,CRS25WT6009450,1/21/2026,2:51:26 AM,I->V,327,4,327.710022,10.08478355,41.17636108,9.543209076,34.33960342,0.789178371,15.9430809,0,0,0.006351687,25,0.381601274,1002.9953,9999
38,CRS25WT6009493,1/21/2026,2:52:39 AM,I->V,326,4,326.7810059,10.09191418,41.1728096,9.502567291,34.38870621,0.786452949,15.89788437,0,0,0.013014014,25,0.387588978,1002.950562,9999
39,RS25WT6009492,1/21/2026,2:54:14 AM,I->V,324,4,324.5080261,10.0353651,41.1800766,9.393437386,34.54624939,0.785244882,15.78730392,0,0,0.00631448,25,0.374511093,1001.957642,9999
40,CRS25WT6009491,1/21/2026,2:58:54 AM,I->V,332,4,332.1624756,10.38349152,41.19417953,9.676904678,34.32528305,0.776553333,16.15969276,0,0,0.002158591,25,0.383898318,1003.84021,9999
41,CRS25WT6009489,1/21/2026,3:00:02 AM,I->V,330,4,330.4107666,10.19333839,41.19940186,9.624724388,34.32937622,0.786768258,16.07447243,0,0,0.003253961,25,0.386744142,1001.128723,9999
42,CRS25WT6009488,1/21/2026,3:01:54 AM,I->V,328,4,328.1428528,10.03735638,41.17930984,9.535359383,34.41326141,0.793897688,15.96413803,0,0,0.004112123,25,0.371789098,999.7047729,9999
43,CRS25WT6009486,1/21/2026,3:05:55 AM,I->V,329,4,329.9301758,10.09368229,41.17021942,9.59642601,34.38052368,0.793942809,16.05109024,0,0,0.008233991,25,0.369091272,1003.884094,9999
44,CRS25WT6009480,1/21/2026,3:06:58 AM,I->V,332,4,332.0811768,10.10734558,41.07487106,9.694182396,34.25571823,0.799891233,16.15573692,0,0,0.013015844,25,0.367844552,1003.159546,9999
45,CRS25WT6009479,1/21/2026,3:07:59 AM,I->V,331,4,331.9043274,10.23802471,41.07273865,9.650402069,34.39279938,0.789301753,16.14713287,0,0,0.006028031,25,0.370417535,1003.203979,9999
46,CRS25WT6009478,1/21/2026,3:08:47 AM,I->V,324,4,324.0691223,10.20524311,41.09515762,9.420343399,34.40098572,0.772722661,15.76595116,0,0,0.006031688,25,0.375407457,1003.546082,9999
47,CRS25WT6009477,1/21/2026,3:12:16 AM,I->V,322,4,322.8481445,10.0107832,41.07477951,9.398266792,34.35187912,0.785154283,15.7065506,0,0,0.008253523,25,0.386379957,1002.740967,103.6095963
48,CRS25WT6009476,1/21/2026,3:14:00 AM,I->V,326,4,326.8603821,10.1161108,41.09736633,9.525845528,34.31300735,0.786203027,15.9017458,0,0,0.00575396,25,0.373015255,998.7322388,9999
49,CRS25WT6009475,1/21/2026,3:15:32 AM,I->V,329,4,329.9743042,10.08057213,41.1403389,9.580036163,34.44395065,0.795659184,16.05323792,0,0,0.002056057,25,0.375374109,1002.284119,9999
50,CRS25WT6009474,1/21/2026,3:17:13 AM,I->V,331,4,331.2791748,10.06623173,41.20982361,9.633371353,34.38870621,0.798594773,16.1167202,0,0,0.005686537,25,0.372814178,1000.175049,9999
51,CRS25WT6009463,1/21/2026,3:19:00 AM,I->V,329,4,329.6417847,10.20820713,41.098526,9.602324486,34.32937622,0.785717726,16.03706169,0,0,0.013950932,25,0.382920116,999.9292603,9999
52,CRS25WT6009473,1/21/2026,3:32:16 AM,I->V,329,4,329.5402527,10.23676586,41.12732315,9.572552681,34.42553711,0.782735884,16.03212166,0,0,0.016516311,25,0.383946896,999.7698975,9999
53,CRS25WT6009464,1/21/2026,3:33:17 AM,I->V,330,4,330.108429,10.27145958,41.06534195,9.598754883,34.3907547,0.782616496,16.05976295,0,0,0.003253968,25,0.376571834,999.661499,9999
54,CRS25WT6009468,1/21/2026,3:34:26 AM,I->V,329,4,329.4792786,10.11866665,41.08589554,9.588447571,34.36211014,0.792523324,16.02915573,0,0,0.004112123,25,0.38102892,999.1205444,9999
55,CRS25WT6009472,1/21/2026,3:35:16 AM,I->V,324,4,324.8876038,10.17530537,41.17957306,9.455946922,34.35802078,0.775360823,15.80576992,0,0,0.002876984,25,0.394678473,997.6793823,169.048645
56,CRS25WT6009471,1/21/2026,3:36:11 AM,I->V,327,4,327.3745422,10.10977936,41.11802292,9.526061058,34.36619949,0.787537038,15.92675972,0,0,0.006507922,25,0.383112848,999.6254883,9999
57,CRS25WT6009470,1/21/2026,3:41:53 AM,I->V,319,4,319.8356323,9.921139717,41.064888,9.31167984,34.34778976,0.785045147,15.55999184,0,0,0.000724245,25,0.38809377,999.0807495,9999
58,CRS25WT6009470,1/21/2026,3:42:13 AM,I->V,324,4,324.2442932,10.06160831,41.06445313,9.469930649,34.23935318,0.784763694,15.77447319,0,0,0.006507937,25,0.389481485,998.1693726,9999
59,CRS25WT6009469,1/21/2026,3:44:54 AM,I->V,321,4,321.0961914,9.996776581,41.08227921,9.325606346,34.43167114,0.781844974,15.62131786,0,0,0.006507936,25,0.383420825,998.5583496,9999
60,CRS25WT6009454,1/21/2026,3:46:47 AM,I->V,324,4,324.2412109,10.09435749,41.08393478,9.39740181,34.50328064,0.781839311,15.77432346,0,0,0.002056061,25,0.381824374,998.8601074,9999
61,CRS25WT6009455,1/21/2026,3:48:25 AM,I->V,326,4,326.9522095,10.07998276,41.0756073,9.508676529,34.38461685,0.789660633,15.90621281,0,0,0.006340992,25,0.379679203,998.7913818,9999
62,CRS25WT6009458,1/21/2026,3:49:10 AM,I->V,322,4,322.9411011,9.999905586,41.08463287,9.404334068,34.33960342,0.786046088,15.71107292,0,0,0.00206349,25,0.383343279,999.5841064,9999
63,CRS25WT6009457,1/21/2026,3:54:42 AM,I->V,322,4,322.969696,10.04800224,41.082901,9.358330727,34.51146698,0.782385767,15.71246433,0,0,0.012903178,25,0.374810219,998.3847656,9999
64,CRS25WT6009456,1/21/2026,3:57:40 AM,I->V,321,4,321.1654358,9.937782288,41.04294586,9.345386505,34.36619949,0.787409782,15.62468719,0,0,0.01289698,25,0.386372089,997.1625977,9999
65,RS25WT6009459,1/21/2026,4:03:27 AM,I->V,326,4,326.5338135,10.22756004,41.04837036,9.567671776,34.1288681,0.777786136,15.88585854,0,0,0.000719245,25,0.396528453,999.133728,9999
66,CRS25WT6009467,1/21/2026,4:05:24 AM,I->V,326,4,326.0289307,10.20531178,41.03018188,9.48238945,34.38257217,0.778621554,15.8612957,0,0,0.002056367,25,0.37419945,998.4890747,9999
67,CRS25WT6009466,1/21/2026,4:07:18 AM,I->V,0,0,0,-0.004291379,-1.44361496,0,0,0,0,0,0,0.01289698,25,1.00E-06,1001.417542,9999
68,CRS25WT6009466,1/21/2026,4:07:42 AM,I->V,327,4,327.0754089,10.17643738,41.01138306,9.52302742,34.34574127,0.783696175,15.91220665,0,0,0.016450932,25,0.374836862,999.5022583,9999
69,CRS25WT6009465,1/21/2026,4:08:29 AM,I->V,326,4,326.6779175,10.09418201,41.01214218,9.55013752,34.20661926,0.789107561,15.892869,0,0,0.012700932,25,0.38064456,1002.981934,9999
70,CRS25WT6009462,1/21/2026,4:10:31 AM,I->V,326,4,326.4388428,10.10261822,41.02715302,9.523213387,34.27822495,0.787583292,15.88123798,0,0,0.006656745,25,0.376230478,998.2185059,9999
71,CRS25WT6009461,1/21/2026,4:11:44 AM,I->V,320,4,320.8800659,9.93857193,41.07170105,9.307714462,34.47463608,0.786096871,15.6108036,0,0,0.016507005,25,0.379396528,999.0230713,9999
72,CRS25WT6009460,1/21/2026,4:15:07 AM,I->V,324,4,324.5203552,10.09423065,41.09035873,9.427292824,34.42349243,0.782399893,15.78790379,0,0,0.002064558,25,0.377040178,997.6936646,9999
73,CRS25WT6009543,1/21/2026,4:16:10 AM,I->V,324,4,324.4147949,9.9633255,41.07789993,9.436004639,34.38052368,0.792662084,15.78276825,0,0,0.000813492,25,0.374470621,1000.022583,9999
74,CRS25WT6009541,1/21/2026,4:25:10 AM,I->V,320,4,320.2767639,9.935965538,41.02529144,9.302911758,34.42758179,0.78571254,15.58145332,0,0,0.016507922,25,0.382600188,998.6896362,9999
75,CRS25WT6009545,1/21/2026,4:27:32 AM,I->V,325,4,325.7379761,10.13305664,40.97623825,9.506171227,34.26594925,0.784505248,15.84714031,0,0,0.00412698,25,0.370307356,1000.58429,9999
76,CRS25WT6009544,1/21/2026,4:30:40 AM,I->V,322,4,322.0826111,9.952881813,41.04925156,9.343150139,34.4725914,0.788339317,15.66930771,0,0,0.006350466,25,0.366919667,1000.365295,9999
77,CRS25WT6009542,1/21/2026,4:32:04 AM,I->V,321,4,321.7382202,10.00361443,41.04891968,9.350919724,34.40711975,0.783508956,15.6525526,0,0,0.01289698,25,0.380478263,999.8641968,9999
78,CRS25WT6009549,1/21/2026,4:33:03 AM,I->V,321,4,321.5121765,10.03645229,40.96801376,9.405310631,34.18410873,0.781937957,15.64155579,0,0,0.004126762,25,0.377294391,1000.244751,9999
79,CRS25WT6009536,1/21/2026,4:33:52 AM,I->V,321,4,321.927124,9.914865494,41.07592773,9.366991997,34.3682518,0.790466309,15.66174316,0,0,0.001626984,25,0.379017949,1000.208069,9999
80,CRS25WT6009535,1/21/2026,4:34:55 AM,I->V,321,4,321.9792175,9.922124863,41.0606041,9.330737114,34.50737381,0.790310621,15.66427708,0,0,0.005793961,25,0.364593774,1000.381226,9999
81,CRS25WT6009538,1/21/2026,4:37:09 AM,I->V,326,4,326.6939392,10.03231907,41.09403229,9.548321724,34.21479797,0.792430162,15.89364815,0,0,0.005793961,25,0.378724217,999.1990356,9999
82,CRS25WT6009537,1/21/2026,4:38:18 AM,I->V,321,4,321.5003662,9.943814278,41.08994675,9.325706482,34.47463608,0.786851704,15.64098072,0,0,0.006029246,25,0.385468245,997.8425903,9999
83,CRS25WT6009540,1/21/2026,4:39:22 AM,I->V,323,4,323.0735474,10.03462219,41.10895538,9.370783806,34.47668457,0.78318423,15.71751595,0,0,0.011507926,25,0.374307394,998.0805664,9999
84,CRS25WT6009524,1/21/2026,4:45:18 AM,I->V,322,4,322.3080139,9.938090324,41.02031708,9.349134445,34.47463608,0.790622473,15.68027306,0,0,0.003015873,25,0.365463138,1001.768555,9999
85,CRS25WT6009523,1/21/2026,4:46:49 AM,I->V,321,4,321.5495911,10.1093502,41.03501129,9.36046505,34.35187912,0.775122166,15.6433754,0,0,0.00412698,25,0.379145354,997.9633789,9999
86,CRS25WT6009526,1/21/2026,4:47:56 AM,I->V,329,4,329.2123413,10.13535118,41.03492737,9.613879204,34.24344254,0.791559637,16.01616859,0,0,0.00081349,25,0.379318893,997.7841187,497.452301
87,CRS25WT6009525,1/21/2026,4:49:17 AM,I->V,327,4,327.1393738,10.19149017,41.07157135,9.520350456,34.36211014,0.781544685,15.91531849,0,0,0.006028031,25,0.367908835,997.9274902,9999
88,CRS25WT6009531,1/21/2026,4:50:17 AM,I->V,326,4,326.5161133,10.13337421,41.02983093,9.490911484,34.4030304,0.785327494,15.88499737,0,0,0.005793961,25,0.374018252,997.4968872,508.9439697
89,CRS25WT6009527,1/21/2026,4:52:51 AM,I->V,328,4,328.1287537,10.10233784,41.04056168,9.554264069,34.34369659,0.791423798,15.96345234,0,0,0.006028031,25,0.363673508,999.6220703,9999
90,CRS25WT6009534,1/21/2026,6:21:52 PM,I->V,0,0,0,-0.004073161,-8.810945511,0,0,0,0,0,0,0,25,1.00E-06,999.0493774,9999
91,editSPSn,1/21/2026,8:08:18 PM,I->V,186,4,186.1004791,9.66443634,24.69104958,9.099890709,20.45084763,0.779886484,9.053781509,0,0,0,25,0.260069788,1002.237549,630.3596802
92,editSPSn,1/21/2026,8:08:39 PM,I->V,200,4,200.42659,9.665821075,24.55292511,9.854741096,20.33808708,0.844526649,9.750746727,0,0,0.02,25,0.261999935,1000.008667,9999
93,CRS25WT3609590,1/22/2026,12:10:41 AM,I->V,204,4,204.7132874,9.668728828,24.43844223,10.12116241,20.22626114,0.866369486,9.959294319,0,0,0.008224227,25,0.23586911,1025.341553,9999
94,CRS25WT3609619,1/22/2026,12:13:03 AM,I->V,202,4,202.6244049,9.66946888,24.50069046,10.00079727,20.2608242,0.855284929,9.85766983,0,0,0.013014014,25,0.250911921,1004.960327,9999
95,CRS25WT3609621,1/22/2026,12:14:57 AM,I->V,199,4,199.6943817,9.575378418,24.50352669,9.842354774,20.28929138,0.851101398,9.71512413,0,0,0.01644849,25,0.257544756,1006.049866,9999
96,CRS25WT3609622,1/22/2026,12:16:11 AM,I->V,198,4,198.9555817,9.565190315,24.51702309,9.803976059,20.29335594,0.848388493,9.679182053,0,0,0.006507936,25,0.264637649,1006.719055,9999
97,CRS25WT3609623,1/22/2026,12:17:12 AM,I->V,200,4,200.5677643,9.603822708,24.47374725,9.882430077,20.29538918,0.853329062,9.757614136,0,0,0.001587922,25,0.25342375,1006.778564,9999
98,CRS25WT3609624,1/22/2026,12:19:07 AM,I->V,198,4,198.8444061,9.556591034,24.4781456,9.831001282,20.22626114,0.850025296,9.673772812,0,0,0.004112123,25,0.256276667,1010.800476,9999
99,CRS25WT3609625,1/22/2026,12:20:30 AM,I->V,199,4,199.0257874,9.556668282,24.49738503,9.825155258,20.25675774,0.850125611,9.68259716,0,0,0.013015874,25,0.259497762,1005.795166,9999
100,CRS25WT3609626,1/22/2026,12:21:58 AM,I->V,202,4,202.2825012,9.636398315,24.4430809,9.970914841,20.28725624,0.858791292,9.841035843,0,0,0.003487123,25,0.240536198,1003.104187,9999
101,CRS25WT3609927,1/22/2026,12:25:47 AM,I->V,199,4,199.3405609,9.617933273,24.46275902,9.856523514,20.22422791,0.847243965,9.697911263,0,0,0.000813492,25,0.254926354,1002.141479,9999
102,CRS25WT3609931,1/22/2026,12:27:31 AM,I->V,198,4,198.8997803,9.625034332,24.49329948,9.849580765,20.1937294,0.843693554,9.676466942,0,0,0.006028183,25,0.273533106,1002.923645,9999
103,CRS25WT3609926,1/22/2026,12:29:31 AM,I->V,200,4,200.062973,9.643294334,24.49076271,9.892242432,20.22422791,0.847108424,9.733056068,0,0,0.012703372,25,0.261146724,1001.676086,9999
104,CRS25WT3609916,1/22/2026,12:30:29 AM,I->V,198,4,198.2245789,9.603573799,24.47050095,9.847873688,20.12866783,0.843493521,9.643618584,0,0,0.01644849,25,0.263494849,1001.880615,9999
105,CRS25WT3609915,1/22/2026,12:31:07 AM,I->V,200,4,200.7213593,9.678629875,24.5044117,9.939785957,20.1937294,0.846321583,9.765087128,0,0,0.006031745,25,0.256751001,1001.685547,9999
106,CRS25WT3609922,1/22/2026,12:31:54 AM,I->V,199,4,199.9427948,9.60129261,24.48826218,9.841776848,20.31572151,0.850389898,9.727210045,0,0,0.008253504,25,0.256428331,1000.220642,9999
107,CRS25WT3609924,1/22/2026,12:33:37 AM,I->V,199,4,199.8850098,9.649142265,24.49275017,9.895381927,20.1998291,0.84577328,9.724398613,0,0,0.016507922,25,0.253787756,1003.597778,9999
108,CRS25WT3609923,1/22/2026,12:34:23 AM,I->V,198,4,198.3480072,9.608233452,24.47461319,9.852015495,20.13273239,0.843467712,9.649622917,0,0,0.00575396,25,0.270268708,1001.694763,9999
109,CRS25WT3609921,1/22/2026,12:35:00 AM,I->V,199,4,199.141571,9.665079117,24.48133278,9.886440277,20.14289856,0.841630459,9.688230515,0,0,0.001587617,25,0.260081977,1001.958252,9999
110,CRS25WT3609920,1/22/2026,12:35:44 AM,I->V,198,4,198.9579315,9.660839081,24.47969818,9.916359901,20.06360435,0.841279566,9.679296494,0,0,0.011507936,25,0.266855836,1002.304565,9999
111,CRS25WT3609919,1/22/2026,12:37:47 AM,I->V,199,4,199.7402802,9.632740021,24.49987602,9.908163071,20.15916443,0.846353769,9.717357635,0,0,0.002063376,25,0.262963265,1003.550476,346.952179
112,CRS25WT3609914,1/22/2026,12:38:49 AM,I->V,198,4,198.1610565,9.629216194,24.51254845,9.858660698,20.10020256,0.839535177,9.640527725,0,0,0.001607453,25,0.281454057,1002.68927,9999
113,CRS25WT3609912,1/22/2026,12:39:41 AM,I->V,199,4,199.8414917,9.622179031,24.50825119,9.882284164,20.22219467,0.847422361,9.722281456,0,0,0.013015874,25,0.260781258,1005.010681,9999
114,CRS25WT3609918,1/22/2026,12:41:20 AM,I->V,200,4,200.355423,9.627856255,24.4473877,9.922664642,20.19169617,0.851214588,9.747283936,0,0,0.008233973,25,0.256835729,1004.165894,9999
115,CRS25WT3609917,1/22/2026,12:42:10 AM,I->V,199,4,199.2640381,9.593867302,24.45597267,9.837903976,20.25472641,0.849278808,9.694188118,0,0,0.016507007,25,0.250808626,1001.426758,9999
116,CRS25WT3609883,1/22/2026,12:43:03 AM,I->V,202,4,202.0480042,9.646998405,24.52187538,9.955363274,20.29538918,0.854099929,9.829627991,0,0,0.013015872,25,0.256517887,1001.624939,9999
117,CRS25WT3609901,1/22/2026,12:46:21 AM,I->V,200,4,200.6656952,9.701808929,24.49629211,9.947045326,20.17339706,0.844345272,9.762378693,0,0,0.001587922,25,0.266307145,1001.515503,9999
118,CRS25WT3609889,1/22/2026,12:47:18 AM,I->V,202,4,202.909256,9.635812759,24.52073479,10.02592373,20.23846054,0.858776271,9.871527672,0,0,0.004112733,25,0.259247988,1003.323181,9999
119,CRS25WT3609888,1/22/2026,12:48:29 AM,I->V,199,4,199.383194,9.597036362,24.52165222,9.879489899,20.18153,0.847230673,9.699985504,0,0,0.008253504,25,0.266417533,1005.106812,9999
120,CRS25WT3609887,1/22/2026,12:49:12 AM,I->V,204,4,204.6667633,9.734493256,24.53040314,10.08237648,20.29945564,0.857095659,9.957030296,0,0,0.016507935,25,0.250064671,1003.448792,9999
121,CRS25WT3609900,1/22/2026,12:49:55 AM,I->V,202,4,202.3069611,9.614840508,24.5010643,9.954163551,20.32385445,0.858783722,9.842226028,0,0,0.006031746,25,0.24701187,1000.644531,9999
122,CRS25WT3609899,1/22/2026,12:50:56 AM,I->V,201,4,201.2746582,9.598460197,24.51278114,9.889519691,20.35231781,0.85545063,9.792004585,0,0,0.013015844,25,0.250198305,999.6350098,9999
123,CRS25WT3609881,1/22/2026,12:52:08 AM,I->V,200,4,200.5630035,9.62408638,24.52815628,9.853569031,20.35435295,0.849623263,9.757382393,0,0,0.006031688,25,0.254292369,1001.132385,9999
124,CRS25WT3609876,1/22/2026,12:52:52 AM,I->V,201,4,201.5929108,9.61128521,24.51640892,9.973907471,20.2120285,0.855533302,9.807487488,0,0,0.002056061,25,0.259265661,1001.768005,9999
125,CRS25WT3609886,1/22/2026,12:54:15 AM,I->V,199,4,199.1879578,9.631577492,24.51575089,9.872797966,20.1754303,0.843568683,9.690486908,0,0,0.00412698,25,0.264263868,999.2480469,9999
126,CRS25WT3609885,1/22/2026,12:56:01 AM,I->V,201,4,201.0462494,9.611619949,24.51395035,9.915939331,20.27505875,0.853269219,9.780892372,0,0,0.01644849,25,0.257892519,1002.233765,9999
127,CRS25WT3609884,1/22/2026,12:56:51 AM,I->V,202,4,202.9877014,9.668333054,24.55156136,10.0753479,20.14696693,0.855143487,9.875344276,0,0,0.016507922,25,0.257878602,1003.247437,9999
128,CRS25WT3609891,1/22/2026,12:58:00 AM,I->V,199,4,199.5963135,9.604418755,24.51486397,9.86817646,20.22626114,0.847719073,9.710352898,0,0,0.006351686,25,0.262027502,999.6844482,9999
129,CRS25WT3609890,1/22/2026,12:59:55 AM,I->V,202,4,202.8475342,9.700178146,24.50007439,10.02388096,20.23642731,0.8535375,9.868525505,0,0,0.013015844,25,0.245073095,1000.256592,9999
130,CRS25WT3609894,1/22/2026,1:01:27 AM,I->V,198,4,198.9427338,9.586148262,24.49680328,9.870591164,20.15509796,0.847177744,9.678556442,0,0,0.001587922,25,0.263993293,998.1896973,9999
131,CRS25WT3609893,1/22/2026,1:03:14 AM,I->V,201,4,201.0508881,9.57110405,24.50920105,9.924129486,20.25879288,0.857067049,9.781118393,0,0,0.004126752,25,0.249674544,999.4130249,9999
132,CRS25WT3609892,1/22/2026,1:05:04 AM,I->V,200,4,200.0636292,9.643649101,24.51829529,9.916201591,20.1754303,0.846128762,9.733088493,0,0,0.012901863,25,0.260138422,1000.684509,9999
133,CRS25WT3609869,1/22/2026,1:06:48 AM,I->V,198,4,198.2999878,9.580005646,24.52632332,9.841678619,20.14899826,0.843965054,9.647287369,0,0,0.004126984,25,0.274100751,999.4382935,9999
134,CRS25WT3609868,1/22/2026,1:08:35 AM,I->V,198,4,198.7950439,9.592243195,24.48997879,9.82658577,20.23032761,0.84624666,9.67137146,0,0,0.006029246,25,0.260182887,999.991272,9999
135,CRS25WT3609867,1/22/2026,1:09:27 AM,I->V,197,4,197.5616455,9.560221672,24.49484825,9.783315659,20.1937294,0.843645334,9.611367226,0,0,0.00143849,25,0.27070117,1000.076843,9999
136,CRS25WT3609866,1/22/2026,1:10:53 AM,I->V,199,4,199.0567932,9.612340927,24.52304268,9.850414276,20.20796204,0.844449103,9.684105873,0,0,0.006429811,25,0.275944561,1000.106628,9999
137,CRS25WT3609872,1/22/2026,1:11:37 AM,I->V,200,4,200.0671539,9.568475723,24.50634766,9.879537582,20.25065804,0.853207052,9.733260155,0,0,0.000813492,25,0.254971951,1000.459717,9999
138,CRS25WT3609870,1/22/2026,1:12:49 AM,I->V,200,4,200.0215607,9.603437424,24.51779556,9.903138161,20.19779587,0.849510372,9.731041908,0,0,0.013015844,25,0.268364877,1000.114502,9999
139,CRS25WT3609875,1/22/2026,1:13:49 AM,I->V,199,4,199.3488464,9.655715942,24.50162125,9.896730423,20.14289856,0.842625141,9.698313713,0,0,0.006028026,25,0.265162647,1000.16156,9999
140,CRS25WT3609874,1/22/2026,1:14:38 AM,I->V,198,4,198.5776062,9.623218536,24.51066589,9.862423897,20.13476753,0.841888964,9.660793304,0,0,0.016507046,25,0.275033742,1000.348633,9999
141,CRS25WT3609873,1/22/2026,1:15:45 AM,I->V,198,4,198.6576385,9.618993759,24.49895287,9.902396202,20.06157112,0.843001008,9.664687157,0,0,0.012703373,25,0.278985441,999.7022095,9999
142,CRS25WT3609832,1/22/2026,1:17:24 AM,I->V,198,4,198.9837646,9.636060715,24.50708961,9.908611298,20.08190346,0.842609525,9.680552483,0,0,0.006029246,25,0.276099682,1000.612305,9999
143,CRS25WT3609855,1/22/2026,1:18:32 AM,I->V,199,4,199.5758057,9.690307617,24.45510864,9.899004936,20.16119957,0.842171848,9.709355354,0,0,0.00412698,25,0.26424557,1000.212524,9999
144,CRS25WT3609856,1/22/2026,1:21:14 AM,I->V,198,4,198.4561615,9.667489052,24.45138931,9.87833786,20.09003639,0.839551508,9.654885292,0,0,0.005793961,25,0.265684426,999.4851074,9999
145,CRS25WT3609859,1/22/2026,1:22:14 AM,I->V,199,4,199.5484467,9.667355537,24.48069572,9.864818573,20.22829437,0.843173385,9.708024979,0,0,0.006031746,25,0.254504442,1001.33667,9999
146,CRS25WT3609858,1/22/2026,1:22:51 AM,I->V,199,4,199.2148743,9.657355309,24.50160599,9.893075943,20.13680077,0.841916442,9.691796303,0,0,0.001587922,25,0.26969409,999.5960693,9999
147,CRS25WT3609857,1/22/2026,1:23:40 AM,I->V,198,4,198.1592102,9.550228119,24.46523285,9.827750206,20.1632309,0.848107994,9.64043808,0,0,0.00081349,25,0.269692212,998.9501343,9999
148,CRS25WT3609862,1/22/2026,1:26:24 AM,I->V,199,4,199.8170013,9.619081497,24.49991035,9.873132706,20.23846054,0.847879887,9.721089363,0,0,0.01644849,25,0.263712287,999.6513062,9999
149,CRS25WT3609861,1/22/2026,1:27:23 AM,I->V,200,4,200.0901947,9.629031181,24.48135185,9.894582748,20.22219467,0.848804772,9.734380722,0,0,0.012901863,25,0.270147085,998.9249878,9999
150,CRS25WT3609860,1/22/2026,1:28:29 AM,I->V,199,4,199.544342,9.615696907,24.48569679,9.882494926,20.19169617,0.847512662,9.707824707,0,0,0.016507007,25,0.259958833,999.6486206,9999
151,CRS25WT3609591,1/22/2026,1:29:14 AM,I->V,198,4,198.4508209,9.6180439,24.40484238,9.811541557,20.22626114,0.845454276,9.654624939,0,0,0.004112123,25,0.250029624,998.6299438,202.0005493
152,CRS25WT3609605,1/22/2026,1:30:33 AM,I->V,198,4,198.9098663,9.642360687,24.46259689,9.879922867,20.13273239,0.843277276,9.676958084,0,0,0.005396981,25,0.266208172,1000.332825,9999
153,CRS25WT3609603,1/22/2026,1:31:27 AM,I->V,200,4,200.2815247,9.645245552,24.43631935,9.920003891,20.18966293,0.849751234,9.743688583,0,0,0.001626984,25,0.262973487,1000.23761,9999
154,CRS25WT3609604,1/22/2026,1:32:54 AM,I->V,200,4,200.27565,9.63903141,24.45287132,9.941737175,20.1449337,0.849698603,9.743403435,0,0,0.00412698,25,0.265123725,999.411499,9999
155,CRS25WT3609607,1/22/2026,1:34:12 AM,I->V,200,4,200.0155029,9.604655266,24.43441391,9.89586544,20.2120285,0.852275372,9.730747223,0,0,0.016507007,25,0.249945074,999.8464355,9999
156,CRS25WT3609609,1/22/2026,1:36:51 AM,I->V,200,4,200.1634979,9.591871262,24.43045044,9.92915535,20.15916443,0.85418129,9.73794651,0,0,0.008224245,25,0.260308862,999.4291992,9999
157,CRS25WT3609616,1/22/2026,1:38:17 AM,I->V,197,4,197.7546997,9.598977089,24.40463448,9.805709839,20.16729927,0.844169319,9.62075901,0,0,0.002058493,25,0.265279949,1000.718262,9999
158,CRS25WT3609614,1/22/2026,1:40:45 AM,I->V,200,4,200.6769104,9.640938759,24.39058495,9.930585861,20.20796204,0.85340637,9.762924194,0,0,0.002063376,25,0.251737535,999.0865479,9999
159,CRS25WT3609594,1/22/2026,1:41:41 AM,I->V,200,4,200.0327606,9.604077339,24.45041847,9.920669556,20.1632309,0.851842284,9.731586456,0,0,0.001587922,25,0.266320735,999.4465332,9999
160,CRS25WT3609593,1/22/2026,1:42:48 AM,I->V,202,4,202.3918915,9.652456284,24.42559624,10.02655029,20.18559647,0.85844028,9.846358299,0,0,0.00206349,25,0.250465423,1000.437256,9999
161,CRS25WT3609592,1/22/2026,1:43:57 AM,I->V,200,4,200.7452393,9.659543037,24.43438148,9.984194756,20.10630226,0.850525439,9.766248703,0,0,0.004126752,25,0.251043588,998.3068848,9999
162,CRS25WT3609577,1/22/2026,1:44:48 AM,I->V,203,4,203.8737488,9.657217026,24.49772072,10.07661629,20.23236084,0.861754656,9.918450356,0,0,0.01644849,25,0.255036652,999.7696533,89.67902374
163,CRS25WT3609578,1/22/2026,1:45:51 AM,I->V,201,4,201.9827271,9.645019531,24.48308754,9.961130142,20.27709007,0.855352104,9.826452255,0,0,0.013014626,25,0.258648455,999.6550293,238.1090088
164,CRS25WT3609579,1/22/2026,1:46:51 AM,I->V,200,4,200.3490601,9.649847031,24.47959518,9.907384872,20.22219467,0.848130465,9.746973991,0,0,0.008224245,25,0.253657609,998.3538208,9999
165,CRS25WT3609580,1/22/2026,1:47:58 AM,I->V,203,4,203.1157227,9.612832069,24.44918251,10.05430698,20.20186234,0.864227057,9.881572723,0,0,0.016507007,25,0.252141893,997.8966064,9999
166,CRS25WT3609571,1/22/2026,1:51:15 AM,I->V,199,4,199.764801,9.629865646,24.44752884,9.892416954,20.1937294,0.848523319,9.718550682,0,0,0.004126751,25,0.255375564,998.5493774,9999
167,CRS25WT3609572,1/22/2026,1:54:53 AM,I->V,198,4,198.4760895,9.584493637,24.40847588,9.826622009,20.19779587,0.848395526,9.655854225,0,0,0.006028031,25,0.263071388,997.8505859,9999
168,CRS25WT3609570,1/22/2026,1:55:41 AM,I->V,201,4,201.3283081,9.628529549,24.45079231,9.950806618,20.23236084,0.855168998,9.794614792,0,0,0.013014015,25,0.251419991,999.4989624,9999
169,CRS25WT3609569,1/22/2026,1:57:23 AM,I->V,199,4,199.1938477,9.570764542,24.43673897,9.874085426,20.17339706,0.851698816,9.69077301,0,0,0.012896827,25,0.259491652,999.8638916,9999
170,CRS25WT3609565,1/22/2026,1:59:03 AM,I->V,200,4,200.8961334,9.582864761,24.46432495,9.94143486,20.20796204,0.856925309,9.773589134,0,0,0.016507007,25,0.257650703,1000.05249,9999
171,CRS25WT3609564,1/22/2026,2:00:52 AM,I->V,201,4,201.5827484,9.575734138,24.47440147,9.964383125,20.23032761,0.860140085,9.806993484,0,0,0.013014015,25,0.255590111,998.8440552,9999
172,CRS25WT3609563,1/22/2026,2:02:10 AM,I->V,200,4,200.750351,9.576973915,24.49567795,9.865729332,20.34825325,0.855733514,9.766497612,0,0,0.006028031,25,0.249602735,1000.308044,9999
173,CRS25WT3609562,1/22/2026,2:03:18 AM,I->V,200,4,200.6747894,9.621297836,24.50701523,9.92948246,20.20999527,0.851076782,9.762821198,0,0,0.005793961,25,0.263601959,999.6021729,9999
174,CRS25WT3609553,1/22/2026,2:04:30 AM,I->V,203,4,203.0654144,9.661327362,24.47208214,10.02256298,20.2608242,0.858871579,9.879124641,0,0,0.004126984,25,0.24851194,999.5354004,9999
175,CRS25WT3609552,1/22/2026,2:05:39 AM,I->V,202,4,202.9742737,9.602284431,24.48869133,10.0291357,20.23846054,0.863178968,9.87469101,0,0,0.004126751,25,0.256664872,998.2364502,9999
176,CRS25WT3609551,1/22/2026,2:07:30 AM,I->V,203,4,203.1260529,9.640094757,24.45533371,10.1169281,20.07783699,0.861609995,9.88207531,0,0,0.013014015,25,0.24912931,999.0026855,9999
177,CRS25WT3609550,1/22/2026,2:08:19 AM,I->V,199,4,199.7608032,9.592184067,24.46251297,9.90718174,20.1632309,0.851317763,9.718356133,0,0,0.008253504,25,0.266679823,999.12146,9999
178,CRS25WT3609540,1/22/2026,2:09:01 AM,I->V,198,4,198.9016266,9.619391441,24.43629265,9.861587524,20.1693306,0.846165717,9.676556587,0,0,0.003175843,25,0.266906947,998.1749878,9999
179,CRS25WT3609539,1/22/2026,2:09:40 AM,I->V,203,4,203.1665192,9.662409782,24.46405411,10.09645176,20.12256622,0.859484911,9.884043694,0,0,0.005406746,25,0.258064955,997.8371582,9999
180,CRS25WT3609538,1/22/2026,2:10:59 AM,I->V,202,4,202.122406,9.706995964,24.47438622,10.04760933,20.11646843,0.850781024,9.833248138,0,0,0.003175843,25,0.266515613,999.1744995,9999
181,CRS25WT3609537,1/22/2026,2:12:11 AM,I->V,202,4,202.4606781,9.735402107,24.47230911,10.04411983,20.1571331,0.849790454,9.849704742,0,0,0.00603169,25,0.266564429,998.4923706,9999
182,CRS25WT3609529,1/22/2026,2:13:18 AM,I->V,203,4,203.0214844,9.68286705,24.48596382,10.08007622,20.14086723,0.856289923,9.876987457,0,0,0.004112123,25,0.262210131,998.6935425,9999
183,CRS25WT3609528,1/22/2026,2:14:28 AM,I->V,204,4,204.1397247,9.802643776,24.49418831,10.1039772,20.20389557,0.850200295,9.931389809,0,0,0.006975466,25,0.254144698,998.5444336,9999
184,KC!S25WT3609527,1/22/2026,2:15:07 AM,I->V,199,4,199.854538,9.636498451,24.46722031,9.894868851,20.19779587,0.847637415,9.722915649,0,0,0.003253961,25,0.26188612,999.4415894,9999
185,CRS25WT3609526,1/22/2026,2:15:58 AM,I->V,201,4,201.6920624,9.636532784,24.46705818,10.12032127,19.92941284,0.855433464,9.812311172,0,0,0.016507007,25,0.272674829,999.6907959,9999
186,CRS25WT3609515,1/22/2026,2:16:49 AM,I->V,201,4,201.5881653,9.676222801,24.46686554,9.995793343,20.16729927,0.851492524,9.807256699,0,0,0.013015844,25,0.266699046,999.1671753,9999
187,CRS25WT3609514,1/22/2026,2:17:43 AM,I->V,201,4,201.1694183,9.665602684,24.46958542,10.07969856,19.95788002,0.850562871,9.786885262,0,0,0.001607453,25,0.271620274,998.5941162,9999
188,CRS25WT3609513,1/22/2026,2:20:01 AM,I->V,203,4,203.2600861,9.751454353,24.48226738,10.15342236,20.01887512,0.851394951,9.888595581,0,0,0.006351686,25,0.271254838,998.1298828,9999
189,CRS25WT3609512,1/22/2026,2:21:19 AM,I->V,203,4,203.3380585,9.73390007,24.4806633,10.15938091,20.01480865,0.853313506,9.892389297,0,0,0.012703373,25,0.272751451,997.7928467,9999
190,CRS25WT3609502,1/22/2026,2:22:22 AM,I->V,202,4,202.5854797,9.72787571,24.48195267,10.08387852,20.09003639,0.850636959,9.855775833,0,0,0.004126752,25,0.271637797,997.7288208,9999
191,CRS25WT3609501,1/22/2026,2:23:26 AM,I->V,202,4,202.076355,9.761928558,24.45979691,10.11380768,19.98024368,0.846305251,9.831007004,0,0,0.008253503,25,0.26716882,997.6133423,9999
192,CRS25WT3609500,1/22/2026,2:24:38 AM,I->V,203,4,203.4273071,9.751285553,24.5000782,10.11349869,20.1144352,0.851490676,9.896731377,0,0,0.004126752,25,0.254501462,998.0317383,9999
193,CRS25WT3609499,1/22/2026,2:27:11 AM,I->V,202,4,202.3939667,9.725851059,24.49702835,10.07434464,20.09003639,0.849486649,9.846459389,0,0,0.005406745,25,0.266645759,997.9713745,9999
194,CRS25WT3609498,1/22/2026,2:29:36 AM,I->V,203,4,203.4188538,9.740381241,24.48601341,10.10694885,20.1266346,0.852898121,9.896319389,0,0,0.013015844,25,0.253326505,999.0978394,9999
195,CRS25WT3609497,1/22/2026,2:30:44 AM,I->V,202,4,202.0397797,9.720110893,24.46591759,10.1047802,19.99447632,0.849579751,9.829227448,0,0,0.012901863,25,0.269142061,998.2746582,9999
196,CRS25WT3609496,1/22/2026,2:32:02 AM,I->V,204,4,204.3011627,9.781166077,24.4829998,10.13951874,20.14899826,0.853130698,9.93924427,0,0,0.006507927,25,0.259875655,997.9851685,9999
197,CRS25WT3609495,1/22/2026,2:32:53 AM,I->V,204,4,204.0362549,9.786281586,24.45690727,10.15198135,20.09816933,0.852487683,9.926356316,0,0,0.016507005,25,0.256841123,998.9035645,9999
198,CRS25WT3609485,1/22/2026,2:33:40 AM,I->V,200,4,200.3702545,9.585622787,24.45537567,9.951455116,20.13476753,0.854748964,9.748005867,0,0,0.002063376,25,0.265250772,997.7393188,9999
199,CRS25WT3609481,1/22/2026,2:34:46 AM,I->V,198,4,198.38591,9.595157623,24.45056152,9.854893684,20.13070107,0.845609546,9.651467323,0,0,0.016507007,25,0.25986889,997.9104614,9999
200,CRS25WT3609484,1/22/2026,2:35:38 AM,I->V,203,4,203.3785248,9.782238007,24.47113228,10.16036987,20.01684189,0.849596679,9.894357681,0,0,0.00287698,25,0.267725885,998.7490845,9999
201,CRS25WT3609483,1/22/2026,2:36:20 AM,I->V,198,4,198.7515869,9.639716148,24.42081451,9.925186157,20.02497482,0.844279468,9.669257164,0,0,0.006351687,25,0.264770687,998.0823975,9999
202,CRS25WT3609468,1/22/2026,2:36:53 AM,I->V,202,4,202.1303406,9.648802757,24.49399185,9.994464874,20.22422791,0.85526067,9.833633423,0,0,0.000813492,25,0.261851251,1000.633972,9999
203,CRS25WT3609467,1/22/2026,2:38:00 AM,I->V,200,4,200.707077,9.637925148,24.47956657,9.91711235,20.23846054,0.850697994,9.764391899,0,0,0.004126752,25,0.258227468,999.7921143,9999
204,CRS25WT3609466,1/22/2026,2:38:45 AM,I->V,204,4,204.9395599,9.906301498,24.48659325,10.1629982,20.16526413,0.844862223,9.970302582,0,0,0.008224245,25,0.256088614,998.2803955,9999
205,CRS25WT3609469,1/22/2026,2:39:22 AM,I->V,205,4,205.329483,9.881337166,24.52997589,10.17515373,20.17949677,0.84710741,9.989272118,0,0,0.00575396,25,0.266706645,998.5568237,9999
206,CRS25WT3609471,1/22/2026,2:40:06 AM,I->V,203,4,203.2976532,9.681160927,24.5111618,9.969000816,20.39298248,0.856724203,9.890423775,0,0,0.006028026,25,0.247051254,999.8612061,9999
207,CRS25WT3609472,1/22/2026,2:40:50 AM,I->V,200,4,200.3269348,9.598884583,24.50210381,9.904298782,20.22626114,0.851755977,9.745898247,0,0,0.01289698,25,0.25918445,998.6831055,9999
208,CRS25WT3609473,1/22/2026,2:42:53 AM,I->V,199,4,199.5029602,9.615695953,24.49199867,9.897388458,20.1571331,0.847118974,9.705811501,0,0,0.012703372,25,0.268101841,998.8126221,9999
209,CRS25WT3609465,1/22/2026,2:43:36 AM,I->V,200,4,200.2731934,9.626363754,24.45814323,9.973829269,20.07987022,0.850622892,9.743283272,0,0,0.005803726,25,0.261562407,998.09729,9999
210,CRS25WT3609040,1/22/2026,2:47:03AM,I->V,197,4,197.9872437,9.578520775,24.37790298,9.897066116,20.00464249,0.847895682,9.632072449,0,0,0.012896904,25,0.273090005,998.7878418,9999
